"","MeanDecreaseGini"
"inact.1",0.752361783846373
"inadur.1",0.931972459019933
"inadist.1",0.946451153191335
"smlct.1",1.020430882321
"smldur.1",1.00375025825499
"smldist.1",0.27125113338709
"larct.1",0.0844514693639775
"lardur.1",0.0391738473343775
"lardist.1",0.0756952497431064
"inact.2",0.056687224964932
"inadur.2",0.267915496301477
"inadist.2",0.0785779971229191
"smlct.2",0.155235056579361
"smldur.2",0.0212413919413919
"smldist.2",0.0920094007054275
"larct.2",0.0247987051482192
"lardur.2",0.0380055918092921
"lardist.2",0.0203999642217033
"inact.3",0.178037565686124
"inadur.3",0.182862132798457
"inadist.3",0.0733478466383059
"smlct.3",0.0834666544997816
"smldur.3",0.0420351395730706
"smldist.3",0.112167658295256
"larct.3",0.0176034822787616
"lardur.3",0.00650666666666667
"lardist.3",0.00672409002500694
"inact.4",0.158251772974608
"inadur.4",0.0171425597228653
"inadist.4",0.0526723785236435
"smlct.4",0.0520382933233338
"smldur.4",0.292328807370652
"smldist.4",0.0499288150529069
"larct.4",0.0261046153846154
"lardur.4",0.0131063718889806
"lardist.4",0.0307763127308037
"inact.5",0.0946947623122408
"inadur.5",0.0547201888827629
"inadist.5",0.038635149354492
"smlct.5",0.204720885933338
"smldur.5",0.0738790643105858
"smldist.5",0.0303843533502884
"larct.5",0.0230421039305522
"lardur.5",0.00662857142857143
"lardist.5",0.00758518518518519
"inact.6",0.0812933636694606
"inadur.6",0.0678353555087538
"inadist.6",0.0152748215151742
"smlct.6",0.0551743158605013
"smldur.6",0.124742783458789
"smldist.6",0.098800965149031
"larct.6",0.00992514919011084
"lardur.6",0.0147647058823529
"lardist.6",0.00924057971014493
"inact.7",0.0818511201713167
"inadur.7",0.0491598201155755
"inadist.7",0.0232532870469527
"smlct.7",0.198128899108065
"smldur.7",0.112329611892127
"smldist.7",0.179156602247976
"larct.7",0.027354991591217
"lardur.7",0.0305507610668901
"lardist.7",0.0759768103319264
"inact.8",0.100298126429129
"inadur.8",0.0707396250106851
"inadist.8",0.0418896329373998
"smlct.8",0.104738124953205
"smldur.8",0.22154182760083
"smldist.8",0.023291670991178
"larct.8",0.00566666666666667
"lardur.8",0.00727719298245614
"lardist.8",0.0193411477411477
"inact.9",0.046787093118309
"inadur.9",0.0261603174603174
"inadist.9",0.0107594202898551
"smlct.9",0.0322852913390936
"smldur.9",0.162413804392855
"smldist.9",0.0539193338204847
"larct.9",0.00451809523809524
"lardur.9",0.00993650793650794
"lardist.9",0.0180043899224075
"inact.10",0.246582931587288
"inadur.10",0.0970339801779815
"inadist.10",0.0983348116554646
"smlct.10",0.268780006569776
"smldur.10",0.268804271638413
"smldist.10",0.0764096096003219
"larct.10",0.0669454641807583
"lardur.10",0.00720878552089732
"lardist.10",0.0694786078241527
"inact.11",0.102997927887292
"inadur.11",0.0677357394395878
"inadist.11",0.0371789271470924
"smlct.11",0.052104831862815
"smldur.11",0.0946094666952637
"smldist.11",0.236382786804985
"larct.11",0.0664376332833198
"lardur.11",0.0182553485162181
"lardist.11",0.044697816319501
"inact.12",0.144630839547581
"inadur.12",0.0534807862057273
"inadist.12",0.0223548341411118
"smlct.12",0.0914986028005485
"smldur.12",0.0407802298850575
"smldist.12",0.086618691102115
"larct.12",0.0143052136269528
"lardur.12",0.00652380952380952
"lardist.12",0.0453518764421313
"inact.13",0.21284919624106
"inadur.13",0.0446522506106009
"inadist.13",0.016046783625731
"smlct.13",0.0155762976705834
"smldur.13",0.028593212107857
"smldist.13",0.209411027532961
"larct.13",0.0101440940012368
"lardur.13",0.0153473684210526
"lardist.13",0.0322895446507515
"inact.14",0.129018583612138
"inadur.14",0.0235392976588629
"inadist.14",0.0219633627245243
"smlct.14",0.0982104974636382
"smldur.14",0.0968887863790222
"smldist.14",0.0573554529090072
"larct.14",0.0301338870431894
"lardur.14",0.00189189189189189
"lardist.14",0.003
"inact.15",0.0393440917770107
"inadur.15",0.0145051948051948
"inadist.15",0.0177413793103448
"smlct.15",0.0249590231882734
"smldur.15",0.00266666666666667
"smldist.15",0.190517148138768
"larct.15",0.00946052751748954
"lardur.15",0.0106571428571429
"lardist.15",0.0654894601801794
"inact.16",0.130946263104259
"inadur.16",0.111522616716277
"inadist.16",0.0423601974982877
"smlct.16",0.114878871808926
"smldur.16",0.0243385536032595
"smldist.16",0.0382375851425807
"larct.16",0
"lardur.16",0.00778082191780823
"lardist.16",0.040251961706653
"inact.17",0.11870843442891
"inadur.17",0.0352752968086495
"inadist.17",0.0259395797185271
"smlct.17",0.0195404815174819
"smldur.17",0.0640244522801812
"smldist.17",0.401011900959498
"larct.17",0.003
"lardur.17",0.0301960178372216
"lardist.17",0.0116848373797526
"inact.18",0.160890882423891
"inadur.18",0.0255341796309599
"inadist.18",0.0995989300482136
"smlct.18",0.0217418546365915
"smldur.18",0.029547253240788
"smldist.18",0.375168553728263
"larct.18",0.00866666666666667
"lardur.18",0.0272908635952273
"lardist.18",0.00505513342379014
"inact.19",0.123770915252134
"inadur.19",0.0735358366329681
"inadist.19",0.060577491094784
"smlct.19",0.0899898237122064
"smldur.19",0.0434232987655045
"smldist.19",0.0911976328289452
"larct.19",0.00626200466200466
"lardur.19",0.0261119720631141
"lardist.19",0.0379133076074253
"inact.20",0.112685542685363
"inadur.20",0.0911819370988869
"inadist.20",0.0179677977869767
"smlct.20",0.0173490598290598
"smldur.20",0.0401373857204946
"smldist.20",0.135384747441623
"larct.20",0.0200712921901946
"lardur.20",0.0192435897435897
"lardist.20",0.0411252096252096
"inact.21",0.245846613649685
"inadur.21",0.0221866387580673
"inadist.21",0.0372070978467398
"smlct.21",0.0805547959302728
"smldur.21",0.0941242271976086
"smldist.21",0.180746593204271
"larct.21",0.0155630434782609
"lardur.21",0.0167416713721062
"lardist.21",0.00958021978021978
"inact.22",0.252518354406477
"inadur.22",0.0284297167116232
"inadist.22",0.0288322513182554
"smlct.22",0.0865306903956503
"smldur.22",0.133867939966657
"smldist.22",0.171730004981091
"larct.22",0.0264476117664191
"lardur.22",0.0199030983857669
"lardist.22",0.0157764764996908
"inact.23",0.0481251355295368
"inadur.23",0.0578368918012098
"inadist.23",0.0187305966064587
"smlct.23",0.161906487699366
"smldur.23",0.159477482360709
"smldist.23",0.0894859681989539
"larct.23",0.0535193622731137
"lardur.23",0.0105210084033614
"lardist.23",0.0591586266990879
"inact.24",0.134602123852182
"inadur.24",0.0692118110392554
"inadist.24",0.0637793678268347
"smlct.24",0.0036
"smldur.24",0.0742945061230212
"smldist.24",0.0884078526045987
"larct.24",0
"lardur.24",0
"lardist.24",0.0342790757781351
"inact.25",0.0899142981745016
"inadur.25",0.0446658991324208
"inadist.25",0.00372314507198229
"smlct.25",0.0755228491679986
"smldur.25",0.0250786939159032
"smldist.25",0.0947515658232852
"larct.25",0.0272434676434676
"lardur.25",0.00266666666666667
"lardist.25",0.0315606638912461
"inact.26",0.115167528319818
"inadur.26",0.048927159776808
"inadist.26",0.0127068821478985
"smlct.26",0.0671293053648324
"smldur.26",0.0315923440036405
"smldist.26",0.055582359713229
"larct.26",0.0209497103564697
"lardur.26",0.0176991249833267
"lardist.26",0.0139858585858586
"inact.27",0.149510005607034
"inadur.27",0.0233614500277341
"inadist.27",0.0266384615384615
"smlct.27",0.104702915358606
"smldur.27",0.446001277968009
"smldist.27",0.0452551015471773
"larct.27",0.0200127480528781
"lardur.27",0.0361022444402819
"lardist.27",0.0246365022487958
"inact.28",0.16465636248814
"inadur.28",0.0242929456935008
"inadist.28",0.0154676434676435
"smlct.28",0.146124596279138
"smldur.28",0.0784419439581352
"smldist.28",0.074716258398221
"larct.28",0.0091276467029643
"lardur.28",0.0176955481727575
"lardist.28",0.0103380457380457
"inact.29",0.211832221066326
"inadur.29",0.0519843789128195
"inadist.29",0.0477552555304228
"smlct.29",0.0340974274767378
"smldur.29",0.05726
"smldist.29",0.0902109741972971
"larct.29",0.00466666666666667
"lardur.29",0.00985299145299145
"lardist.29",0.0125544713407751
"inact.30",0.207677800245335
"inadur.30",0.077202992320254
"inadist.30",0.0184334085461476
"smlct.30",0.116635309914251
"smldur.30",0.0748639002564284
"smldist.30",0.0332899519789733
"larct.30",0.003
"lardur.30",0.015847619047619
"lardist.30",0.081601730419151
"inact.31",0.250254955211185
"inadur.31",0.0426785184992289
"inadist.31",0.0220238460975788
"smlct.31",0.0251521804511278
"smldur.31",0.0907166425279186
"smldist.31",0.194187333270738
"larct.31",0.0234285714285714
"lardur.31",0.0140443443653121
"lardist.31",0.0197455882352941
"inact.32",0.344472540052789
"inadur.32",0.0818875376133464
"inadist.32",0.0488681699931231
"smlct.32",0.0600487110554695
"smldur.32",0.0631304165483384
"smldist.32",0.0228749001536098
"larct.32",0.0193350762527233
"lardur.32",0.0190484610814023
"lardist.32",0.0306412855333302
"inact.33",0.066246829141867
"inadur.33",0.0300592988582986
"inadist.33",0.0581833144893295
"smlct.33",0.0289379101921717
"smldur.33",0.0749695716326261
"smldist.33",0.191404167473494
"larct.33",0.0249444444444444
"lardur.33",0.0128049170954831
"lardist.33",0.0237763803473232
"inact.34",0.170657747413639
"inadur.34",0.0038
"inadist.34",0.0223658276125095
"smlct.34",0.0345580072362805
"smldur.34",0.0389310535651208
"smldist.34",0.181744681103885
"larct.34",0.0309034482758621
"lardur.34",0.0159188034188034
"lardist.34",0.0125282051282051
"inact.35",0.0637218796165351
"inadur.35",0.0461446747855218
"inadist.35",0.0915890598551241
"smlct.35",0.0517365148598486
"smldur.35",0.0467329105003524
"smldist.35",0.06920661070622
"larct.35",0.0155482934317234
"lardur.35",0.0146841154792523
"lardist.35",0.0215992702344096
"inact.36",0.167778494302988
"inadur.36",0.0276184371184371
"inadist.36",0.0281169563155833
"smlct.36",0.00971999999999999
"smldur.36",0.0246546333376953
"smldist.36",0.215669268867591
"larct.36",0.0142689075630252
"lardur.36",0.00429567979076175
"lardist.36",0.0214807692307692
"inact.37",0.142104758127778
"inadur.37",0.0269603825031529
"inadist.37",0.0552514796835999
"smlct.37",0.0303906768622391
"smldur.37",0.0613830105910601
"smldist.37",0.25909694386089
"larct.37",0.002
"lardur.37",0.00949371980676329
"lardist.37",0
"inact.38",0.147880257917979
"inadur.38",0.0583376900595125
"inadist.38",0.0567889611824166
"smlct.38",0.0106785628019324
"smldur.38",0.0639043699647709
"smldist.38",0.159363031127983
"larct.38",0.00563333333333333
"lardur.38",0.0076237012987013
"lardist.38",0.016835717014816
"inact.39",0.0819365483833128
"inadur.39",0.119468766794108
"inadist.39",0.0305739767478898
"smlct.39",0.0770638018319704
"smldur.39",0.0922505548373739
"smldist.39",0.116574227811898
"larct.39",0.0168666666666667
"lardur.39",0.0144
"lardist.39",0.024557125803973
"inact.40",0.115792541847762
"inadur.40",0.025103453689168
"inadist.40",0.00391111111111111
"smlct.40",0.063256910946895
"smldur.40",0.00430499419279907
"smldist.40",0.116597325050857
"larct.40",0.0137810567418811
"lardur.40",0.0106923076923077
"lardist.40",0.0150886399857031
"inact.41",0.0964646137828708
"inadur.41",0.0905743455432091
"inadist.41",0.0340667212091293
"smlct.41",0.0343486328725039
"smldur.41",0.0590619233702041
"smldist.41",0.136154785970616
"larct.41",0.0118613088404133
"lardur.41",0.002
"lardist.41",0.0128341158059468
"inact.42",0.0774772247218995
"inadur.42",0.0288015096015096
"inadist.42",0.028615873015873
"smlct.42",0.0263081176887629
"smldur.42",0.0331369725697201
"smldist.42",0.196469949088181
"larct.42",0.000323076923076925
"lardur.42",0.0207753047329319
"lardist.42",0.0310318911684129
"inact.43",0.149942911725429
"inadur.43",0.0522100041831452
"inadist.43",0.0272389198103484
"smlct.43",0.027196951337869
"smldur.43",0.00386666666666667
"smldist.43",0.242124252784742
"larct.43",0.00266666666666667
"lardur.43",0.0186038878982014
"lardist.43",0.005342558675892
"inact.44",0.163214321941846
"inadur.44",0.0445713658655603
"inadist.44",0.0560891409514839
"smlct.44",0.0419681044378605
"smldur.44",0.0545442619221291
"smldist.44",0.0625694666761013
"larct.44",0.0348985007974482
"lardur.44",0.0141695318107475
"lardist.44",0.0166270585782781
"inact.45",0.0889120356891785
"inadur.45",0.0174310074255363
"inadist.45",0.0377926030177356
"smlct.45",0.115769274572457
"smldur.45",0.102499253065703
"smldist.45",0.0562912594930599
"larct.45",0.005
"lardur.45",0.0140468975468976
"lardist.45",0.0160429522081065
"inact.46",0.245429222799497
"inadur.46",0.0279526826115061
"inadist.46",0.0546765869867718
"smlct.46",0.0398329541763248
"smldur.46",0.042046864508041
"smldist.46",0.0946014147899388
"larct.46",0.0176096128224797
"lardur.46",0.0199285714285714
"lardist.46",0.0439412208056373
"inact.47",0.0467641118558412
"inadur.47",0.01044360650243
"inadist.47",0.0206829836829837
"smlct.47",0.160710170676587
"smldur.47",0.13098999611456
"smldist.47",0.054531674666494
"larct.47",0.0433198240350583
"lardur.47",0.0134555555555556
"lardist.47",0.0388268922154995
"inact.48",0.0961492012872183
"inadur.48",0.068293288453219
"inadist.48",0.00341052631578948
"smlct.48",0.115625539552676
"smldur.48",0.169638139533542
"smldist.48",0.0648440481925357
"larct.48",0.00266666666666667
"lardur.48",0.00466917293233081
"lardist.48",0.00733333333333333
"inact.49",0.0664554394161268
"inadur.49",0.038754755216772
"inadist.49",0.0141480728226997
"smlct.49",0.110311248848372
"smldur.49",0.0703777166434764
"smldist.49",0.169517411992305
"larct.49",0.00371428571428572
"lardur.49",0
"lardist.49",0.002
"inact.50",0.179180634042524
"inadur.50",0.0675329760857676
"inadist.50",0.00590243902439025
"smlct.50",0.0368303522120925
"smldur.50",0.0174064935064935
"smldist.50",0.176233826246157
"larct.50",0.0300357142857143
"lardur.50",0.0104557150451887
"lardist.50",0.0108681318681319
"inact.51",0.236857687540865
"inadur.51",0.0800866447520224
"inadist.51",0.0208266148829084
"smlct.51",0.0859534586810621
"smldur.51",0.00447971014492755
"smldist.51",0.0419756435520149
"larct.51",0.011260033444816
"lardur.51",0.0279255411255411
"lardist.51",0.00485799289062902
"inact.52",0.103605823321201
"inadur.52",0.0819208371248913
"inadist.52",0.0155844155844156
"smlct.52",0.0180326740867177
"smldur.52",0.0173333333333333
"smldist.52",0.21384871750768
"larct.52",0.0035
"lardur.52",0.003875
"lardist.52",0.0286452665442736
"inact.53",0.0622669316462477
"inadur.53",0.0252612942612943
"inadist.53",0.0197200328407225
"smlct.53",0.0191926908994482
"smldur.53",0.09410967146863
"smldist.53",0.111637209977237
"larct.53",0
"lardur.53",0.00586666666666667
"lardist.53",0.013115004492363
"inact.54",0.121344498912703
"inadur.54",0.0320580994095968
"inadist.54",0.0375126203208556
"smlct.54",0.104195467737077
"smldur.54",0.12285163905033
"smldist.54",0.048121863785521
"larct.54",0.00259999999999999
"lardur.54",0.0171563025210084
"lardist.54",0.0187425641025641
"inact.55",0.0804435503204473
"inadur.55",0.0485837784999075
"inadist.55",0.0496751757497265
"smlct.55",0.0764416312039349
"smldur.55",0.0402478663003663
"smldist.55",0.108239770884045
"larct.55",0.0220213354442168
"lardur.55",0.00293220338983051
"lardist.55",0.0138149758454106
"inact.56",0.0807802623872229
"inadur.56",0.0379328658963917
"inadist.56",0.00754903474903474
"smlct.56",0.11126005574674
"smldur.56",0.042639295436616
"smldist.56",0.139001293959699
"larct.56",0.0129777777777778
"lardur.56",0.013349767197849
"lardist.56",0.0287808459760404
"inact.57",0.155889826041427
"inadur.57",0.0433903143185073
"inadist.57",0.0272356621706467
"smlct.57",0.0688943290277856
"smldur.57",0.104785117967108
"smldist.57",0.0811745925614642
"larct.57",0.0171142857142857
"lardur.57",0
"lardist.57",0.0164125641025641
"inact.58",0.107008587250748
"inadur.58",0.0180444535982234
"inadist.58",0.0642426854168311
"smlct.58",0.0508255164674137
"smldur.58",0.0213835749714906
"smldist.58",0.0588535013251853
"larct.58",0.0447786347415679
"lardur.58",0.00582608695652174
"lardist.58",0.0129740647569314
"inact.59",0.092832550851544
"inadur.59",0.0493236738843898
"inadist.59",0.0383942688745979
"smlct.59",0.101554987523824
"smldur.59",0.164310713706867
"smldist.59",0.223471183028746
"larct.59",0.0423780328109309
"lardur.59",0.014552380952381
"lardist.59",0.0506348393726488
"inact.60",0.134820939038769
"inadur.60",0.00748251748251748
"inadist.60",0.0101612509534706
"smlct.60",0.0381142353476037
"smldur.60",0.112362844791062
"smldist.60",0.0351674263519023
"larct.60",0.0032
"lardur.60",0.00333333333333333
"lardist.60",0.002
"inact.61",0.127692943104988
"inadur.61",0.0489039732197627
"inadist.61",0.0406108881292879
"smlct.61",0.0379058236418085
"smldur.61",0.0880719595576234
"smldist.61",0.0316401985111663
"larct.61",0.0166833333333333
"lardur.61",0.00489791765762909
"lardist.61",0.0223040045834959
"inact.62",0.150502924713631
"inadur.62",0.0600054856980413
"inadist.62",0.0351108630544108
"smlct.62",0.189937316698596
"smldur.62",0.0834608985257383
"smldist.62",0.0331170921363612
"larct.62",0.0176508785332315
"lardur.62",0.0216734394381453
"lardist.62",0.00538011695906433
"inact.63",0.112241522056283
"inadur.63",0.0632609107838834
"inadist.63",0.0171969696969697
"smlct.63",0.0880475455941336
"smldur.63",0.0235008912655971
"smldist.63",0.14891008384896
"larct.63",0.0303968134946286
"lardur.63",0.0152424242424242
"lardist.63",0.0186219047619048
"inact.64",0.0970552401736298
"inadur.64",0.0350099079016923
"inadist.64",0.0448822542047891
"smlct.64",0.169035384274641
"smldur.64",0.180452472544663
"smldist.64",0.025372810675563
"larct.64",0.0226866053449715
"lardur.64",0.0111240601503759
"lardist.64",0.00629837200204629
"inact.65",0.0408748790949706
"inadur.65",0.0473257847210473
"inadist.65",0.0260622614238935
"smlct.65",0.0915182604593719
"smldur.65",0.096933837665495
"smldist.65",0.139283978488711
"larct.65",0.0109666666666667
"lardur.65",0.00626666666666667
"lardist.65",0.0231263277807157
"inact.66",0.134261415476157
"inadur.66",0.0446857442104245
"inadist.66",0.00896969696969697
"smlct.66",0.141903866731838
"smldur.66",0.0729879414291367
"smldist.66",0.147065707193205
"larct.66",0.00400952380952381
"lardur.66",0.0444381186812097
"lardist.66",0.0246047024870554
"inact.67",0.0723210582966876
"inadur.67",0.0130850630850631
"inadist.67",0.0125776150525345
"smlct.67",0.14780043167669
"smldur.67",0.108727317149924
"smldist.67",0.0617633684868783
"larct.67",0.0421313000904392
"lardur.67",0.0165341256366723
"lardist.67",0.0310333333333333
"inact.68",0.103410275220197
"inadur.68",0.0550589070716006
"inadist.68",0.0322565853745978
"smlct.68",0.0104333333333333
"smldur.68",0.0920304316192573
"smldist.68",0.0284843339312107
"larct.68",0.0128145083674495
"lardur.68",0.00419458689458689
"lardist.68",0.0226602150537634
"inact.69",0.241408608812933
"inadur.69",0.0448541619258485
"inadist.69",0.0203806499081254
"smlct.69",0.0570584886846893
"smldur.69",0.109154906729629
"smldist.69",0.102616332786467
"larct.69",0.00502702702702702
"lardur.69",0.0041088888888889
"lardist.69",0.0414938246634968
"inact.70",0.176244982319997
"inadur.70",0.0644678695269685
"inadist.70",0.0197978616380239
"smlct.70",0.138089660115171
"smldur.70",0.167671672067186
"smldist.70",0.169714218811928
"larct.70",0.00710526315789474
"lardur.70",0.024872972972973
"lardist.70",0.004
"inact.71",0.372672826068341
"inadur.71",0.0632673563428982
"inadist.71",0.00914166666666667
"smlct.71",0.0741235848379179
"smldur.71",0.0811711990671616
"smldist.71",0.0572334667624418
"larct.71",0.0318182629587959
"lardur.71",0.036087831013117
"lardist.71",0.0432054376375001
"inact.72",0.0773963974674989
"inadur.72",0.0307036676711444
"inadist.72",0.0038
"smlct.72",0.0902807845832937
"smldur.72",0.0353223443223443
"smldist.72",0.157828506118988
"larct.72",0.0127433862433862
"lardur.72",0.0284029411764706
"lardist.72",0.0523625398898615
"inact.73",0.0710493838131085
"inadur.73",0.0846569290600493
"inadist.73",0.0392667297791154
"smlct.73",0.182645419975643
"smldur.73",0.0960594726945664
"smldist.73",0.145055200966761
"larct.73",0.004
"lardur.73",0.0458002941604641
"lardist.73",0.0358357226462674
"inact.74",0.338948335700925
"inadur.74",0.0629422693228349
"inadist.74",0.00870449478604816
"smlct.74",0.164903719064531
"smldur.74",0.119573737151659
"smldist.74",0.134918736738754
"larct.74",0.0378399819421621
"lardur.74",0.0168762637362637
"lardist.74",0.0265796284380713
"inact.75",0.152439272735452
"inadur.75",0.0699529443856897
"inadist.75",0.0397730987668728
"smlct.75",0.0375573857721226
"smldur.75",0.0238368209718974
"smldist.75",0.0847929509015809
"larct.75",0.0202017740429505
"lardur.75",0.012524109014675
"lardist.75",0.00665737514518001
"inact.76",0.306739969021619
"inadur.76",0.15365683346082
"inadist.76",0.0690512879155502
"smlct.76",0.309259758138553
"smldur.76",0.153732655987033
"smldist.76",0.0766937760185308
"larct.76",0.00954545454545454
"lardur.76",0.00333333333333333
"lardist.76",0.0450987269375305
"inact.77",0.131233114770097
"inadur.77",0.0329820463740119
"inadist.77",0.0473197650417215
"smlct.77",0.0807809087456935
"smldur.77",0.101820196815381
"smldist.77",0.00636533519390662
"larct.77",0.0194930875576037
"lardur.77",0.0234913906214195
"lardist.77",0.0377723335063401
"inact.78",0.107523286957429
"inadur.78",0.135935548634489
"inadist.78",0.0354838492662022
"smlct.78",0.166913519854266
"smldur.78",0.0835378022693154
"smldist.78",0.163357105938042
"larct.78",0
"lardur.78",0.00842192230427524
"lardist.78",0.016573004992807
"inact.79",0.194855239630437
"inadur.79",0.0485774603174603
"inadist.79",0
"smlct.79",0.139006190410594
"smldur.79",0.15701102372047
"smldist.79",0.0345387785091277
"larct.79",0.0259245421245421
"lardur.79",0.0172325459054341
"lardist.79",0.00813804573804573
"inact.80",0.0463682130677205
"inadur.80",0.0696399344045552
"inadist.80",0.020849180683118
"smlct.80",0.0533162088196571
"smldur.80",0.0238222222222222
"smldist.80",0.303934109524296
"larct.80",0.0219404761904762
"lardur.80",0.0285527805527806
"lardist.80",0.0128956685316605
"inact.81",0.0464885194205314
"inadur.81",0.0508377363229471
"inadist.81",0.0332738601268013
"smlct.81",0.0746341034070239
"smldur.81",0.0361875464631986
"smldist.81",0.418877502888057
"larct.81",0.00660685197155785
"lardur.81",0.00633333333333333
"lardist.81",0.0101815602836879
"inact.82",0.192348543723251
"inadur.82",0.062297627202128
"inadist.82",0.0402489601901367
"smlct.82",0.0570855431078033
"smldur.82",0.0629635716111694
"smldist.82",0.0623098619768845
"larct.82",0.0223388888888889
"lardur.82",0.00178947368421053
"lardist.82",0.049384948835385
"inact.83",0.151509893260086
"inadur.83",0.0173618591934381
"inadist.83",0.0235695442625419
"smlct.83",0.0954357751244041
"smldur.83",0.123334340212536
"smldist.83",0.0318288952701366
"larct.83",0
"lardur.83",0.00642857142857143
"lardist.83",0.00371428571428572
"inact.84",0.1050037507
"inadur.84",0.0358200129597995
"inadist.84",0.0122182002581597
"smlct.84",0.0487668470142681
"smldur.84",0.021434050919452
"smldist.84",0.119203877446787
"larct.84",0
"lardur.84",0.0419894144360368
"lardist.84",0.0256603174603175
"inact.85",0.132426864494744
"inadur.85",0.0639339590538014
"inadist.85",0.0325318236668279
"smlct.85",0.0308734708182984
"smldur.85",0.0624397936524053
"smldist.85",0.148546169661332
"larct.85",0.0487918128654971
"lardur.85",0.002
"lardist.85",0.0151858007184723
"inact.86",0.0657006580851261
"inadur.86",0.109070369891239
"inadist.86",0.0364111262133312
"smlct.86",0.12501800904238
"smldur.86",0.142432949886873
"smldist.86",0.0336764561430631
"larct.86",0.0647472492805945
"lardur.86",0.00560187553282182
"lardist.86",0.0385278922400579
"inact.87",0.00753391304347826
"inadur.87",0.0177010409081174
"inadist.87",0.0244004179728318
"smlct.87",0.043843941127567
"smldur.87",0.0274006448328525
"smldist.87",0.0829633564731879
"larct.87",0.00757894736842105
"lardur.87",0.00363636363636364
"lardist.87",0.0818331955589684
"inact.88",0.0545167940688951
"inadur.88",0.029727586578919
"inadist.88",0.0286474738464034
"smlct.88",0.126018863160345
"smldur.88",0.0242880920463697
"smldist.88",0.0439119695726751
"larct.88",0.003
"lardur.88",0.00571428571428571
"lardist.88",0.0429670466098013
"inact.89",0.0767897383153673
"inadur.89",0.097515563538275
"inadist.89",0.0048
"smlct.89",0.136088102290643
"smldur.89",0.0789680149266436
"smldist.89",0.134267718043725
"larct.89",0.0315534065934066
"lardur.89",0.0140033801814624
"lardist.89",0.0458495642486398
"inact.90",0.17475263513974
"inadur.90",0.0396260898059048
"inadist.90",0.00266666666666667
"smlct.90",0.0677553427982502
"smldur.90",0.0552095035210151
"smldist.90",0.277859670746172
"larct.90",0.00566666666666667
"lardur.90",0
"lardist.90",0.039713183272647
"inact.91",0.131757276586357
"inadur.91",0.0414222551569813
"inadist.91",0.0283636363636364
"smlct.91",0.00885113402061859
"smldur.91",0.0595356159926448
"smldist.91",0.0698668250462415
"larct.91",0.0253472070472772
"lardur.91",0.0122845971233068
"lardist.91",0.0220926611162504
"inact.92",0.0841402060945042
"inadur.92",0.0853816331788056
"inadist.92",0.0238208893019065
"smlct.92",0.0427458721254085
"smldur.92",0.0578541112749639
"smldist.92",0.392788389750031
"larct.92",0.0104455616653574
"lardur.92",0.0456314611314611
"lardist.92",0.0563295511704075
"inact.93",0.144555163701039
"inadur.93",0.0801800024219997
"inadist.93",0.0096
"smlct.93",0.0861595370585034
"smldur.93",0.085529831238051
"smldist.93",0.0128315188687282
"larct.93",0.00647619047619048
"lardur.93",0.0256299840510367
"lardist.93",0.00936535947712418
"inact.94",0.0885436046447743
"inadur.94",0.0328164807861679
"inadist.94",0.0071201017811705
"smlct.94",0.0987641240033137
"smldur.94",0.0919282218840499
"smldist.94",0.036112074049845
"larct.94",0.0249253635780051
"lardur.94",0.0105670921985815
"lardist.94",0.0076
"inact.95",0.0218457325140119
"inadur.95",0.0422465236288766
"inadist.95",0.0424691977069336
"smlct.95",0.121854509774477
"smldur.95",0.16039592612789
"smldist.95",0.0579658754203677
"larct.95",0.0428273349806827
"lardur.95",0.00948771929824561
"lardist.95",0.0384787788658966
"inact.96",0.0998527691545992
"inadur.96",0.117115115799335
"inadist.96",0.0311126623635349
"smlct.96",0.0486395001317869
"smldur.96",0.215601387730661
"smldist.96",0.0668029956678073
"larct.96",0.0137398778222456
"lardur.96",0.0095
"lardist.96",0.0121095238095238
"inact.97",0.173329726305306
"inadur.97",0.0429461695294251
"inadist.97",0.0155407697325505
"smlct.97",0.0410017481850836
"smldur.97",0.0848996796427874
"smldist.97",0.106800126561626
"larct.97",0.0204444444444444
"lardur.97",0.00834257128526552
"lardist.97",0
"inact.98",0.237581141394288
"inadur.98",0.0244229719789327
"inadist.98",0.0252712658681194
"smlct.98",0.0416109435379795
"smldur.98",0.0686480383977025
"smldist.98",0.101722348011815
"larct.98",0.0358904343875921
"lardur.98",0.0102
"lardist.98",0.0194033444816053
"inact.99",0.105476538078305
"inadur.99",0.0158918597742127
"inadist.99",0.00634055727554179
"smlct.99",0.127511574252305
"smldur.99",0.0308128230427031
"smldist.99",0.114265249599254
"larct.99",0.0174925775978408
"lardur.99",0.016137022397892
"lardist.99",0.0101030303030303
"inact.100",0.151574489491931
"inadur.100",0.0720794047443724
"inadist.100",0.0239913610881353
"smlct.100",0.0278547304547305
"smldur.100",0.056418638706441
"smldist.100",0.0854808270096549
"larct.100",0.0212239538239538
"lardur.100",0.0154376470588235
"lardist.100",0.0292191841491841
"inact.101",0.012230303030303
"inadur.101",0.00124242424242424
"inadist.101",0.0572089696802024
"smlct.101",0.0786120619488044
"smldur.101",0.0453745773376074
"smldist.101",0.107991848624875
"larct.101",0.0162380952380952
"lardur.101",0.0299081818181818
"lardist.101",0.0610458891094335
"inact.102",0.0299969597963719
"inadur.102",0.0149508196721311
"inadist.102",0.0151753977017135
"smlct.102",0.0887184151727649
"smldur.102",0.0789626204953919
"smldist.102",0.140793593504681
"larct.102",0.0734852381731507
"lardur.102",0.00876561031343014
"lardist.102",0.0737344984284009
"inact.103",0.0918397471055223
"inadur.103",0.0467302176750453
"inadist.103",0.0994844591192762
"smlct.103",0.0540777756892385
"smldur.103",0.0594116988566065
"smldist.103",0.0860077715287081
"larct.103",0
"lardur.103",0.00707020872865275
"lardist.103",0.0281980493663152
"inact.104",0.0368238792504571
"inadur.104",0.0751208040702978
"inadist.104",0.0280569740768257
"smlct.104",0.0250429680746912
"smldur.104",0.112679056488014
"smldist.104",0.0905091106725061
"larct.104",0.0114752252252252
"lardur.104",0.0032
"lardist.104",0.0472663003632308
"inact.105",0.0742237519383878
"inadur.105",0.0347209375165897
"inadist.105",0.0367155892778021
"smlct.105",0.0950504069109047
"smldur.105",0.0519172689790167
"smldist.105",0.0224407908121111
"larct.105",0.0309381818181818
"lardur.105",0.00724675324675325
"lardist.105",0
"inact.106",0.0605031237354233
"inadur.106",0.00852299552299552
"inadist.106",0.00982857142857143
"smlct.106",0.0884996486432864
"smldur.106",0.130353508375717
"smldist.106",0.0994515359346606
"larct.106",0
"lardur.106",0.0140888888888889
"lardist.106",0.0139347186147186
"inact.107",0.0535110999934529
"inadur.107",0.0142986833835059
"inadist.107",0.023971507747712
"smlct.107",0.157006768983022
"smldur.107",0.107673324373119
"smldist.107",0.111691953884576
"larct.107",0.00342857142857143
"lardur.107",0.00934032634032634
"lardist.107",0.0390537354390295
"inact.108",0.150665160207691
"inadur.108",0.0180748663101604
"inadist.108",0.0144984574111335
"smlct.108",0.0518586945621864
"smldur.108",0.0132606060606061
"smldist.108",0.103350324208968
"larct.108",0.0119420289855072
"lardur.108",0.0328717948717949
"lardist.108",0.029274708390819
"inact.109",0.129773485614018
"inadur.109",0.0446509451242593
"inadist.109",0.041838670347366
"smlct.109",0.0491627336723367
"smldur.109",0.0385138587866307
"smldist.109",0.0488471821142293
"larct.109",0
"lardur.109",0.0291599025974026
"lardist.109",0.0461706428396084
"inact.110",0.135047432137466
"inadur.110",0.0254579213503583
"inadist.110",0.0126857142857143
"smlct.110",0.0894712137596205
"smldur.110",0.132319390843833
"smldist.110",0.0532913324402668
"larct.110",0
"lardur.110",0.0188936973373778
"lardist.110",0.0210597244150185
"inact.111",0.0613883652954825
"inadur.111",0.0508646173469208
"inadist.111",0.0201277018833241
"smlct.111",0.0244595082477435
"smldur.111",0.156479108616802
"smldist.111",0.0721436752371934
"larct.111",0.0205283270210265
"lardur.111",0.013386459517494
"lardist.111",0.00815433455433456
"inact.112",0.0518085003831843
"inadur.112",0.0605378021978022
"inadist.112",0.00355555555555556
"smlct.112",0.0448464901525509
"smldur.112",0.120230126572604
"smldist.112",0.0688236293822831
"larct.112",0
"lardur.112",0.0525570679515069
"lardist.112",0.0152698518872432
"inact.113",0.0324934814289653
"inadur.113",0.04255
"inadist.113",0.0203636363636364
"smlct.113",0.0509091703618019
"smldur.113",0.0466233766233766
"smldist.113",0.125456319264648
"larct.113",0.0127924098671727
"lardur.113",0.0120571428571429
"lardist.113",0.0196730769230769
"inact.114",0.110392576875316
"inadur.114",0.0495262337856188
"inadist.114",0.0606803969934027
"smlct.114",0.0643936169563767
"smldur.114",0.0695225450067487
"smldist.114",0.0838062788673243
"larct.114",0.0135028571428571
"lardur.114",0.023518315018315
"lardist.114",0.0160328449328449
"inact.115",0.135996287438852
"inadur.115",0.0483422392420229
"inadist.115",0.0354700239300386
"smlct.115",0.0815835740105648
"smldur.115",0.171184638226453
"smldist.115",0.0124440853264383
"larct.115",0.0242522875816993
"lardur.115",0.0176284287234914
"lardist.115",0.0125579422012708
"inact.116",0.146852078849151
"inadur.116",0.0846931825194951
"inadist.116",0.0656382939823367
"smlct.116",0.0986458223801153
"smldur.116",0.0706290575767711
"smldist.116",0.160919433753285
"larct.116",0.0267847473281435
"lardur.116",0.00841909814323608
"lardist.116",0.003
"inact.117",0.233428091615799
"inadur.117",0.0581072293295481
"inadist.117",0.0231135644633839
"smlct.117",0.107226582582932
"smldur.117",0.0198466386554622
"smldist.117",0.0301697031411317
"larct.117",0.122472294871142
"lardur.117",0.030387706855792
"lardist.117",0.00738495514147688
"inact.118",0.129573466300164
"inadur.118",0.0891999453824254
"inadist.118",0.0513413157452733
"smlct.118",0.0777037836688547
"smldur.118",0.0561781027979983
"smldist.118",0.0259240936200189
"larct.118",0.0191244343891403
"lardur.118",0.0114836363636364
"lardist.118",0.0281827106227106
"inact.119",0.0313484719365075
"inadur.119",0.0623145337132762
"inadist.119",0.045855240665767
"smlct.119",0.203306795544226
"smldur.119",0.0656911098519025
"smldist.119",0.0194745614035088
"larct.119",0.022601807549176
"lardur.119",0.00676470588235294
"lardist.119",0.00476470588235294
"inact.120",0.146825208448644
"inadur.120",0.0358237017087564
"inadist.120",0.0334452938873992
"smlct.120",0.140849110454745
"smldur.120",0.138637121549636
"smldist.120",0.0433469317598643
"larct.120",0.0318297269740569
"lardur.120",0.0145078976511045
"lardist.120",0.0202217282261742
"inact.121",0.31305769212757
"inadur.121",0.060999368134134
"inadist.121",0.0170024170511975
"smlct.121",0.121515992791846
"smldur.121",0.0215988500663423
"smldist.121",0.132482111434604
"larct.121",0.0178777777777778
"lardur.121",0.0064
"lardist.121",0.0267869674185464
"inact.122",0.156794788576996
"inadur.122",0.00922222222222222
"inadist.122",0.0112885154061625
"smlct.122",0.00922522522522522
"smldur.122",0.0140097478727616
"smldist.122",0.040033600783466
"larct.122",0.00678205128205128
"lardur.122",0.0268987727940541
"lardist.122",0.0226839271839272
"inact.123",0.152360928157994
"inadur.123",0.0603262693661476
"inadist.123",0.0605424716206756
"smlct.123",0.0660990415363628
"smldur.123",0.0564522696711247
"smldist.123",0.104774229593924
"larct.123",0.0321018723212272
"lardur.123",0.0032
"lardist.123",0.0437195477574442
"inact.124",0.0909157697743302
"inadur.124",0.0425268375901406
"inadist.124",0.0695211337766776
"smlct.124",0.0387947531415593
"smldur.124",0.042848226830342
"smldist.124",0.0510058425175973
"larct.124",0.00566666666666667
"lardur.124",0.0131263736263736
"lardist.124",0.0426762403049436
"inact.125",0.274247218925768
"inadur.125",0.067305522358319
"inadist.125",0.0232777777777778
"smlct.125",0.130755834127125
"smldur.125",0.0394567288303501
"smldist.125",0.0774415065260317
"larct.125",0.0350987542087542
"lardur.125",0.0113636363636364
"lardist.125",0.0279492825796529
"inact.126",0.115431083850087
"inadur.126",0.11332491440679
"inadist.126",0.0464702963702964
"smlct.126",0.0538920327899051
"smldur.126",0.0392276566183174
"smldist.126",0.0659227680876463
"larct.126",0.00566666666666667
"lardur.126",0.0303334807607253
"lardist.126",0.0255663372267146
"inact.127",0.228086877034628
"inadur.127",0.111643113041894
"inadist.127",0.0706001947621493
"smlct.127",0.056753178603265
"smldur.127",0.0161978391841406
"smldist.127",0.111655564058005
"larct.127",0.0173471177944862
"lardur.127",0
"lardist.127",0.00796010818120351
"inact.128",0.150920989638277
"inadur.128",0.0101230769230769
"inadist.128",0.0314644688644689
"smlct.128",0.087584080668318
"smldur.128",0.0142361712361712
"smldist.128",0.0479069163811452
"larct.128",0.0130923076923077
"lardur.128",0.0107442524712274
"lardist.128",0.0283076830422065
"inact.129",0.0816747286723131
"inadur.129",0.0438313357025101
"inadist.129",0.0535440063559655
"smlct.129",0.134929344003496
"smldur.129",0.157596028604034
"smldist.129",0.0549863698938852
"larct.129",0.0146750898224582
"lardur.129",0.0131266666666667
"lardist.129",0.029521799003002
"inact.130",0.123117118120442
"inadur.130",0.127294791848082
"inadist.130",0.0433524429440054
"smlct.130",0.0662776923076923
"smldur.130",0.115168295449027
"smldist.130",0.103692807515685
"larct.130",0.0283528146662274
"lardur.130",0.0533356866226559
"lardist.130",0.0273439436246454
"inact.131",0.0630354375972612
"inadur.131",0.0754908035334184
"inadist.131",0.147567093947499
"smlct.131",0.299096948064791
"smldur.131",0.155084121000831
"smldist.131",0.0876481634218905
"larct.131",0.0249026369168357
"lardur.131",0.00533333333333333
"lardist.131",0.0144
"inact.132",0.0995414231476327
"inadur.132",0.0771600027044593
"inadist.132",0.116322758025847
"smlct.132",0.112194548574532
"smldur.132",0.0433331209127143
"smldist.132",0.0838755793164131
"larct.132",0.003
"lardur.132",0.00286206896551724
"lardist.132",0.0483918881118881
"inact.133",0.110418678601227
"inadur.133",0.0140267558528428
"inadist.133",0.0555474148118399
"smlct.133",0.0783300642579864
"smldur.133",0.0674671472463673
"smldist.133",0.0566542679729401
"larct.133",0.0243825540472599
"lardur.133",0.00375253164556963
"lardist.133",0.0413398497714135
"inact.134",0.0973459501184469
"inadur.134",0.0778818600756035
"inadist.134",0.0372410103722482
"smlct.134",0.0118873221449493
"smldur.134",0.0636926015916713
"smldist.134",0.042419059645325
"larct.134",0.0200047619047619
"lardur.134",0.0231037593984962
"lardist.134",0.122499223970416
"inact.135",0.0462583612337307
"inadur.135",0.0991259554087502
"inadist.135",0.0415725839918293
"smlct.135",0.0616084897008736
"smldur.135",0.0925823197333282
"smldist.135",0.0630983731812825
"larct.135",0.00355555555555556
"lardur.135",0
"lardist.135",0.011453781512605
"inact.136",0.122939049135316
"inadur.136",0.0483135902617134
"inadist.136",0.0665523232323232
"smlct.136",0.0694713208873217
"smldur.136",0.036751432262094
"smldist.136",0.0967680702522916
"larct.136",0.0108929728807778
"lardur.136",0.0105382940108893
"lardist.136",0.0415402997125168
"inact.137",0.166805085987571
"inadur.137",0.0651984491627682
"inadist.137",0.0175289733284618
"smlct.137",0.0398471300355775
"smldur.137",0.0821040485891181
"smldist.137",0.109657955707138
"larct.137",0
"lardur.137",0.00873846153846155
"lardist.137",0.0325535779339058
"inact.138",0.114108904878037
"inadur.138",0.0195531299476312
"inadist.138",0.00735497361735392
"smlct.138",0.037819757671432
"smldur.138",0.0268542703818774
"smldist.138",0.0304881930367277
"larct.138",0.00771428571428571
"lardur.138",0.034668258192722
"lardist.138",0.0127662763466042
"inact.139",0.0949937458872717
"inadur.139",0.105655806463307
"inadist.139",0.0942962762292332
"smlct.139",0.0113672876425793
"smldur.139",0.138657068356137
"smldist.139",0.0971917340634659
"larct.139",0.0103919191919192
"lardur.139",0.0107843137254902
"lardist.139",0.0419289931978571
"inact.140",0.053078383065385
"inadur.140",0.0544125552136994
"inadist.140",0.0557136351218543
"smlct.140",0.16408898874676
"smldur.140",0.0300749616237421
"smldist.140",0.0608097555867994
"larct.140",0.00570686641697877
"lardur.140",0.0135665934065934
"lardist.140",0.0731114130545277
"inact.141",0.0852703112441003
"inadur.141",0.00391489361702128
"inadist.141",0.035755940753535
"smlct.141",0.25318745432374
"smldur.141",0.148229384455843
"smldist.141",0.0198456671217682
"larct.141",0.00888888888888889
"lardur.141",0.0246153846153846
"lardist.141",0.00693333333333333
"inact.142",0.121831827125427
"inadur.142",0.0449453463166073
"inadist.142",0.0270860147636852
"smlct.142",0.0540453743956902
"smldur.142",0.0394982789269554
"smldist.142",0.132678224464888
"larct.142",0.00755555555555556
"lardur.142",0.00333333333333333
"lardist.142",0.018240404040404
"inact.143",0.199617020459813
"inadur.143",0.0463277272727273
"inadist.143",0.0167142857142857
"smlct.143",0.15209437239007
"smldur.143",0.0624653187328871
"smldist.143",0.150832020357289
"larct.143",0.0825714657505209
"lardur.143",0.0112925039872408
"lardist.143",0.0557535162337339
"inact.144",0.102264794695663
"inadur.144",0.0465808471974215
"inadist.144",0.0157988816738817
"smlct.144",0.0427122300857784
"smldur.144",0.061463247630028
"smldist.144",0.243706145286562
"larct.144",0.03132458669203
"lardur.144",0.00736333333333333
"lardist.144",0.0130238095238095
"inact.145",0.172486816780212
"inadur.145",0.0475287475313791
"inadist.145",0.0111466666666667
"smlct.145",0.0971751436153166
"smldur.145",0.0643102114064774
"smldist.145",0.0549167299678123
"larct.145",0.0127619047619048
"lardur.145",0.0330725596782098
"lardist.145",0.00445454545454545
"inact.146",0.227859041908141
"inadur.146",0.0392198876305179
"inadist.146",0.0126279202279202
"smlct.146",0.0748364635312793
"smldur.146",0.0759031428224456
"smldist.146",0.0556619594039567
"larct.146",0
"lardur.146",0.0159690683854367
"lardist.146",0.0253995674556905
"inact.147",0.124816959853653
"inadur.147",0.133415572991661
"inadist.147",0.0416551318078416
"smlct.147",0.0282772132366302
"smldur.147",0.215646690659355
"smldist.147",0.0646637918199348
"larct.147",0.0137972465581977
"lardur.147",0.007
"lardist.147",0.0251585585585586
"inact.148",0.0980399690659785
"inadur.148",0.0567948094995558
"inadist.148",0.0831208448527532
"smlct.148",0.147779677835529
"smldur.148",0.180004813584692
"smldist.148",0.0890129698537752
"larct.148",0.00833333333333333
"lardur.148",0.00861764705882353
"lardist.148",0.0561998741849704
"inact.149",0.0266947368379242
"inadur.149",0.0434200395079114
"inadist.149",0.106700774357873
"smlct.149",0.0846509656154166
"smldur.149",0.058907551475008
"smldist.149",0.0370071979461842
"larct.149",0.003
"lardur.149",0.00915151515151515
"lardist.149",0.0272319500634843
"inact.150",0.160845116845597
"inadur.150",0.00342857142857143
"inadist.150",0.0309219496523962
"smlct.150",0.0849315861032826
"smldur.150",0.0215165785764623
"smldist.150",0.214412850955656
"larct.150",0.0138903068257907
"lardur.150",0.0180267770876467
"lardist.150",0.0572275755118212
"inact.151",0.0811167267872045
"inadur.151",0.0377899774247344
"inadist.151",0.041165830016217
"smlct.151",0.0601310060038036
"smldur.151",0.0577164634374848
"smldist.151",0.262915038933202
"larct.151",0.00362903225806452
"lardur.151",0.0124729374627171
"lardist.151",0.0122958459979737
"inact.152",0.0629381784354424
"inadur.152",0.0305948990122365
"inadist.152",0.00653763440860215
"smlct.152",0.175163163027259
"smldur.152",0.0563044370549254
"smldist.152",0.0665380621788533
"larct.152",0.000857142857142854
"lardur.152",0.00571428571428571
"lardist.152",0.0273257918552036
"inact.153",0.0688534830448018
"inadur.153",0.0269707567752727
"inadist.153",0
"smlct.153",0.0118378638904955
"smldur.153",0.0512052405859289
"smldist.153",0.0402210611865784
"larct.153",0.0121864036256998
"lardur.153",0.0132606060606061
"lardist.153",0.0975930010209163
"inact.154",0.0936994469431324
"inadur.154",0.0456453418008787
"inadist.154",0.0331872848058894
"smlct.154",0.122437610310459
"smldur.154",0.235669739059706
"smldist.154",0.0824632129624193
"larct.154",0.0284153887543718
"lardur.154",0.00838288516827329
"lardist.154",0
"inact.155",0.0488969219037425
"inadur.155",0.0389988177191737
"inadist.155",0.0321278402187192
"smlct.155",0.0219142857142857
"smldur.155",0.0428151515151515
"smldist.155",0.0377594184996158
"larct.155",0.00592307692307692
"lardur.155",0.00860597574976899
"lardist.155",0.0122526603340163
"inact.156",0.0924940107326073
"inadur.156",0.0253796866748812
"inadist.156",0.0205762910798122
"smlct.156",0.0717989821839667
"smldur.156",0.0996421174912785
"smldist.156",0.0185402162042963
"larct.156",0.0417516160650763
"lardur.156",0.00447536231884059
"lardist.156",0.0768746751581383
"inact.157",0.0394022052465831
"inadur.157",0.0744375218037757
"inadist.157",0.0296410533910534
"smlct.157",0.0511420648961339
"smldur.157",0.00971729323308271
"smldist.157",0.0565319733272089
"larct.157",0.0174335034122693
"lardur.157",0.026387046536597
"lardist.157",0.0842808421096147
"inact.158",0.0581816794767159
"inadur.158",0.0196169031273837
"inadist.158",0.0335203527815468
"smlct.158",0.119283836218874
"smldur.158",0.0996751065828222
"smldist.158",0.070622174307302
"larct.158",0
"lardur.158",0.0031796129032258
"lardist.158",0.0225304029304029
"inact.159",0.163028973503737
"inadur.159",0.104325056747301
"inadist.159",0.0965778272858873
"smlct.159",0.0393010291437149
"smldur.159",0.0775704460274934
"smldist.159",0.0726311694369764
"larct.159",0.00991489361702127
"lardur.159",0.0158
"lardist.159",0.0302526132404181
"inact.160",0.166489925812127
"inadur.160",0.0405048323193569
"inadist.160",0.0208914717303751
"smlct.160",0.0816900202526625
"smldur.160",0.0709479354936613
"smldist.160",0.0845170903540923
"larct.160",0.0601456922194782
"lardur.160",0.012
"lardist.160",0.00805858585858586
"inact.161",0.195026671902062
"inadur.161",0.0662032671826546
"inadist.161",0.0172502755901463
"smlct.161",0.0641163384259359
"smldur.161",0.0934316126090812
"smldist.161",0.0680375164681145
"larct.161",0.00877717086834736
"lardur.161",0.0227385648592266
"lardist.161",0.00973739495798319
"inact.162",0.0993935067715072
"inadur.162",0.076809061204166
"inadist.162",0.0422749584570244
"smlct.162",0.0666601024084677
"smldur.162",0.0841581081153661
"smldist.162",0.115420551113166
"larct.162",0
"lardur.162",0.003
"lardist.162",0.0305230855380223
"inact.163",0.182443121692734
"inadur.163",0.028398924312629
"inadist.163",0.0509652344243709
"smlct.163",0.0420313586923203
"smldur.163",0.0582115186041271
"smldist.163",0.199782268187623
"larct.163",0.0304952380952381
"lardur.163",0
"lardist.163",0.0313670033670034
"inact.164",0.0464110851486748
"inadur.164",0.0596082470022025
"inadist.164",0.0268984962406015
"smlct.164",0.00703838383838383
"smldur.164",0.0693568991094493
"smldist.164",0.165330489273918
"larct.164",0.00266666666666667
"lardur.164",0.0253333333333333
"lardist.164",0.0165268783068783
"inact.165",0.126011797001851
"inadur.165",0.0981216056743381
"inadist.165",0.0534724674125864
"smlct.165",0.157499624025796
"smldur.165",0.24635950584579
"smldist.165",0.107674461932338
"larct.165",0.0325777353081701
"lardur.165",0.0221925255584738
"lardist.165",0.0672121111099958
"inact.166",0.36193919394652
"inadur.166",0.0988973373443765
"inadist.166",0.024828086945734
"smlct.166",0.051602093726134
"smldur.166",0.0478292674645616
"smldist.166",0.0812490599233934
"larct.166",0.00406826156299841
"lardur.166",0
"lardist.166",0.0447823198307069
"inact.167",0.128395008375371
"inadur.167",0.0779241446960897
"inadist.167",0.0239304093567252
"smlct.167",0.0774997544862179
"smldur.167",0.0553370334483989
"smldist.167",0.142561686640314
"larct.167",0.00583636363636363
"lardur.167",0.0152619047619048
"lardist.167",0.0181744449446243
"inact.168",0.0961935352188218
"inadur.168",0.0275308155298733
"inadist.168",0.0651314037254837
"smlct.168",0.152541644162342
"smldur.168",0.0606263538249418
"smldist.168",0.069769062459458
"larct.168",0.0128541353383459
"lardur.168",0
"lardist.168",0.105315810820181
"inact.169",0.0531267652073689
"inadur.169",0.071335491667435
"inadist.169",0.0425047751524847
"smlct.169",0.0248783116449783
"smldur.169",0.131472029398864
"smldist.169",0.20202492937031
"larct.169",0.0589376453611748
"lardur.169",0.0147555555555556
"lardist.169",0.0658349522141237
"inact.170",0.0715340909958157
"inadur.170",0.058571576568599
"inadist.170",0.0782774880514053
"smlct.170",0.0578157663468286
"smldur.170",0.0637013137249672
"smldist.170",0.181987191658293
"larct.170",0.0122095238095238
"lardur.170",0.00864603174603174
"lardist.170",0.0617534482625048
"inact.171",0.136135991855195
"inadur.171",0.0372104521125388
"inadist.171",0.0175904691799428
"smlct.171",0.178893508924299
"smldur.171",0.117454799401556
"smldist.171",0.0566195426221003
"larct.171",0
"lardur.171",0
"lardist.171",0.0269506503158677
"inact.172",0.156593850182963
"inadur.172",0.0392488781351158
"inadist.172",0.043121629545562
"smlct.172",0.169698232304655
"smldur.172",0.0899301850239667
"smldist.172",0.217694545060208
"larct.172",0.01
"lardur.172",0.0627226134138318
"lardist.172",0.0379176906967761
"inact.173",0.0585824024703821
"inadur.173",0.0412530658047792
"inadist.173",0.0631436580859138
"smlct.173",0.0564005591804336
"smldur.173",0.0110294784580499
"smldist.173",0.068057049930315
"larct.173",0.003
"lardur.173",0.00886851789896286
"lardist.173",0.00376470588235294
"inact.174",0.0646179895831012
"inadur.174",0.0533863855365997
"inadist.174",0.024885941623026
"smlct.174",0.0918722178638889
"smldur.174",0.0985533176409592
"smldist.174",0.0675167525434219
"larct.174",0.0107761078335911
"lardur.174",0
"lardist.174",0.00376470588235294
"inact.175",0.0733346302085644
"inadur.175",0.104886953616626
"inadist.175",0.0714175868555465
"smlct.175",0.0306370623368318
"smldur.175",0.0344760616215935
"smldist.175",0.0533871042058288
"larct.175",0
"lardur.175",0.00121568627450979
"lardist.175",0.0668324693548767
"inact.176",0.0048780578898226
"inadur.176",0.112854389641041
"inadist.176",0.104385609295021
"smlct.176",0.100226147643689
"smldur.176",0.0617634789403034
"smldist.176",0.0523671709509947
"larct.176",0.0100631578947368
"lardur.176",0.00565069584171697
"lardist.176",0.0348992630355473
"inact.177",0.190932618586746
"inadur.177",0.0125568760611205
"inadist.177",0.168302630665127
"smlct.177",0.114526210299275
"smldur.177",0.166471527768398
"smldist.177",0.0373479973454442
"larct.177",0.0321884616353151
"lardur.177",0.0231350843259018
"lardist.177",0.0305032257174322
"inact.178",0.0799339577493533
"inadur.178",0.0653355835988546
"inadist.178",0.0771836809728232
"smlct.178",0.0594097182655429
"smldur.178",0.0527634026603286
"smldist.178",0.0843744600590076
"larct.178",0.047500949962144
"lardur.178",0.0150577189809968
"lardist.178",0.17938730977761
"inact.179",0.176531120032823
"inadur.179",0.0534906156187538
"inadist.179",0.0198565798143157
"smlct.179",0.0871208132718581
"smldur.179",0.0315434530645958
"smldist.179",0.299372731719307
"larct.179",0.0434437675738143
"lardur.179",0.0200559581320451
"lardist.179",0.0710037888314601
"inact.180",0.0825101324806621
"inadur.180",0.0331067250809258
"inadist.180",0.115507250232503
"smlct.180",0.142689452038987
"smldur.180",0.0805030530755403
"smldist.180",0.150537083368953
"larct.180",0
"lardur.180",0.039796623487766
"lardist.180",0.0533444159084711
"inact.181",0.0212873544336524
"inadur.181",0.0524941988712669
"inadist.181",0.063572627235853
"smlct.181",0.0260311882520278
"smldur.181",0.0223389969081737
"smldist.181",0.0913119478502296
"larct.181",0.0207438388896398
"lardur.181",0.0262776156234398
"lardist.181",0.00712250712250712
"inact.182",0.0765648583705108
"inadur.182",0
"inadist.182",0.106295507846588
"smlct.182",0.0822449782193738
"smldur.182",0.0807307599260216
"smldist.182",0.208052047895618
"larct.182",0.0356390781306408
"lardur.182",0.0079293371522095
"lardist.182",0.0175486712561996
"inact.183",0.182540524059453
"inadur.183",0.0374991824480988
"inadist.183",0.0702538907619769
"smlct.183",0.065897047561645
"smldur.183",0.0242153209109731
"smldist.183",0.118058601476618
"larct.183",0.0442221933621934
"lardur.183",0.0203448415818582
"lardist.183",0.0179402985074627
"inact.184",0.0702945249759204
"inadur.184",0.0729188802610898
"inadist.184",0.0763240856983534
"smlct.184",0.0199767658719416
"smldur.184",0.0789130305314997
"smldist.184",0.155915031141628
"larct.184",0.0382608882185353
"lardur.184",0.0494525784746565
"lardist.184",0.0137460317460317
"inact.185",0.109802225519364
"inadur.185",0.059591341818413
"inadist.185",0.0495871087430489
"smlct.185",0.0927150351519871
"smldur.185",0.0966583967901096
"smldist.185",0.057152757015165
"larct.185",0.0111691056910569
"lardur.185",0.0296690677816048
"lardist.185",0.0101818181818182
"inact.186",0.0970057338361113
"inadur.186",0.0118078187646391
"inadist.186",0.0937707121401889
"smlct.186",0.161376041928175
"smldur.186",0.110679264395029
"smldist.186",0.0499546523957046
"larct.186",0.00613519813519813
"lardur.186",0.0144274363226444
"lardist.186",0.0578087171367333
"inact.187",0.0324812264565441
"inadur.187",0.0346843837986516
"inadist.187",0.0271830943406467
"smlct.187",0.0706095178087841
"smldur.187",0.11434259346891
"smldist.187",0.0462548399763233
"larct.187",0.0499658196875588
"lardur.187",0.0244872225813402
"lardist.187",0.0172653846153846
"inact.188",0.0662879882633413
"inadur.188",0.0641510839812825
"inadist.188",0.0148551760489142
"smlct.188",0.205316853665803
"smldur.188",0.129028105910979
"smldist.188",0.0645832658423394
"larct.188",0.0119480519480519
"lardur.188",0.0155900354334111
"lardist.188",0.0115105263157895
"inact.189",0.0788225776297202
"inadur.189",0.0605392724667726
"inadist.189",0.117790845575585
"smlct.189",0.0835906936787355
"smldur.189",0.111358544964952
"smldist.189",0.0447091575091575
"larct.189",0.00739719989629245
"lardur.189",0.00373333333333333
"lardist.189",0.0323170512540067
"inact.190",0.0552004331623422
"inadur.190",0.040363860998945
"inadist.190",0.108786475269206
"smlct.190",0.157928113122639
"smldur.190",0.0628949801639832
"smldist.190",0.117361149903851
"larct.190",0.00376163265306123
"lardur.190",0.0290060168191445
"lardist.190",0.0435280469176623
"inact.191",0.0372566563467492
"inadur.191",0.0946881938411654
"inadist.191",0.0117873303167421
"smlct.191",0.135735484254275
"smldur.191",0.0480365376348602
"smldist.191",0.110612312457345
"larct.191",0.0320830819209322
"lardur.191",0.0215371379320959
"lardist.191",0
"inact.192",0.0803800888090961
"inadur.192",0.0456539303533888
"inadist.192",0.0297461717641462
"smlct.192",0.316004847279484
"smldur.192",0.142672909868557
"smldist.192",0.0482881583257194
"larct.192",0.0276987600741117
"lardur.192",0.0248675675675676
"lardist.192",0.10120559119719
"inact.193",0.198318699949052
"inadur.193",0.0567383918922582
"inadist.193",0.0209794871794872
"smlct.193",0.0447236359066041
"smldur.193",0.0403509578544061
"smldist.193",0.289426194794522
"larct.193",0.0233858772391247
"lardur.193",0.00985714285714286
"lardist.193",0.0576308832471876
"inact.194",0.204274942462747
"inadur.194",0.0769359026068569
"inadist.194",0.0406230493897727
"smlct.194",0.0437454911478463
"smldur.194",0.100614402468919
"smldist.194",0.0658346602082276
"larct.194",0.0417169312169312
"lardur.194",0.00378947368421053
"lardist.194",0.0111150362844702
"inact.195",0.1992321210124
"inadur.195",0.0283180075319647
"inadist.195",0.0610501698394802
"smlct.195",0.139699168381631
"smldur.195",0.111879936152897
"smldist.195",0.106405683196533
"larct.195",0.0283724934508216
"lardur.195",0.0356431018824881
"lardist.195",0.0167784679089027
"inact.196",0.065531425237894
"inadur.196",0.060439085095518
"inadist.196",0.0511480660305793
"smlct.196",0.0701620666126534
"smldur.196",0.0605784680075003
"smldist.196",0.0638637227575761
"larct.196",0.0254557535554614
"lardur.196",0.0394112576727178
"lardist.196",0.0538998054113157
"inact.197",0.120933504202515
"inadur.197",0.0325307104660046
"inadist.197",0.118109124864656
"smlct.197",0.0434433151373416
"smldur.197",0.0292791573610579
"smldist.197",0.0775518412293857
"larct.197",0.04715595702063
"lardur.197",0.00511210950852934
"lardist.197",0.0230369401765283
"inact.198",0.0584705833507491
"inadur.198",0.0817810819851793
"inadist.198",0.0533427659292698
"smlct.198",0.0130400682011935
"smldur.198",0.0236778244631186
"smldist.198",0.134747604269187
"larct.198",0.0186444802578566
"lardur.198",0.00335294117647058
"lardist.198",0.0412410982822236
"inact.199",0.117065715042693
"inadur.199",0.0380875384869383
"inadist.199",0.0177163793103448
"smlct.199",0.233743635028933
"smldur.199",0.0736058402589467
"smldist.199",0.0479483616019259
"larct.199",0.0196530264279625
"lardur.199",0.0253419689899142
"lardist.199",0.0709597854776245
"inact.200",0.0423885408708938
"inadur.200",0.0450083446768679
"inadist.200",0.0325463001931648
"smlct.200",0.212043346087974
"smldur.200",0.0857189056431076
"smldist.200",0.160253040204722
"larct.200",0.010784012066365
"lardur.200",0.002
"lardist.200",0.0566607567468034
"inact.201",0.123875207157276
"inadur.201",0.0160872080088988
"inadist.201",0.0965621524687791
"smlct.201",0.104337560112752
"smldur.201",0.079079350779939
"smldist.201",0.155694532562089
"larct.201",0.0391137943328439
"lardur.201",0.0349798962712006
"lardist.201",0.0104245153220763
"inact.202",0.066862241634137
"inadur.202",0.0488398317609549
"inadist.202",0.0838504232923873
"smlct.202",0.0403190946952944
"smldur.202",0.0709097253920277
"smldist.202",0.0500545750908297
"larct.202",0.0264051599587203
"lardur.202",0.0369589826839827
"lardist.202",0.0284256871770897
"inact.203",0.0864805396831944
"inadur.203",0.0365894868416608
"inadist.203",0.0225611968209443
"smlct.203",0.123041539455662
"smldur.203",0.0566601013374098
"smldist.203",0.166910261457102
"larct.203",0.0103474446382326
"lardur.203",0.0339527579169542
"lardist.203",0.0443321409664856
"inact.204",0.112941263211486
"inadur.204",0.0369322557626705
"inadist.204",0.0636300880285493
"smlct.204",0.0635731561755395
"smldur.204",0.0480643992314765
"smldist.204",0.181857894942612
"larct.204",0.006
"lardur.204",0.00333333333333333
"lardist.204",0.0308417083979097
"inact.205",0.0574235939338966
"inadur.205",0.0475176905668709
"inadist.205",0.0401573655103067
"smlct.205",0.0223911135819364
"smldur.205",0.0845921984008716
"smldist.205",0.219383689044294
"larct.205",0.0103633986928105
"lardur.205",0.00876591478696742
"lardist.205",0.0133614651310742
"inact.206",0.0786564059588827
"inadur.206",0.0321153698438729
"inadist.206",0.0501200950347136
"smlct.206",0.161391084718593
"smldur.206",0.0905834863529203
"smldist.206",0.0594452645120706
"larct.206",0.0195456389452333
"lardur.206",0.00504761904761905
"lardist.206",0.0261910624715002
"inact.207",0.0280650902500437
"inadur.207",0.0740080934307742
"inadist.207",0.0139327891156463
"smlct.207",0.00708333333333333
"smldur.207",0.0484486468634641
"smldist.207",0.0540932393998371
"larct.207",0.00480952380952381
"lardur.207",0.0231920229247079
"lardist.207",0.0186031746031746
"inact.208",0.0842720355820395
"inadur.208",0.0837411069985293
"inadist.208",0.0112124542124542
"smlct.208",0.0695361129515646
"smldur.208",0.0794293401470729
"smldist.208",0.113962623676663
"larct.208",0.0367444583479035
"lardur.208",0.0221692525690628
"lardist.208",0.0336746470282048
"inact.209",0.119897141873415
"inadur.209",0.12153975271666
"inadist.209",0.0294587892305972
"smlct.209",0.0702373102997258
"smldur.209",0.0292184434941511
"smldist.209",0.0546713010697416
"larct.209",0.00355555555555556
"lardur.209",0.0507525730395778
"lardist.209",0.0226634278002699
"inact.210",0.289264227759825
"inadur.210",0.0298206394912277
"inadist.210",0.0677872166240345
"smlct.210",0.0955727242835459
"smldur.210",0.0566422198512335
"smldist.210",0.040691945383871
"larct.210",0.0387455549281636
"lardur.210",0.0149967567567568
"lardist.210",0.0182260869565217
"inact.211",0.0669734681984682
"inadur.211",0.0759624689714789
"inadist.211",0.0370445488721805
"smlct.211",0.023090882807159
"smldur.211",0.0463913745121873
"smldist.211",0.0207576459049018
"larct.211",0.0218478260869565
"lardur.211",0.00671660859465737
"lardist.211",0.00942857142857143
"inact.212",0.379587597702409
"inadur.212",0.0742943676413828
"inadist.212",0.0329481863303584
"smlct.212",0.0664875041932218
"smldur.212",0.02376182551851
"smldist.212",0.124272396296571
"larct.212",0.0098
"lardur.212",0.0172874131274131
"lardist.212",0.0177735389102661
"inact.213",0.096624596632338
"inadur.213",0.0433818896617658
"inadist.213",0.039304920729035
"smlct.213",0.0252480878876373
"smldur.213",0.0101376623376623
"smldist.213",0.245488204784768
"larct.213",0.0108313090418354
"lardur.213",0.0307511369946153
"lardist.213",0.120743051600792
"inact.214",0.015883467133553
"inadur.214",0
"inadist.214",0.0372512332167661
"smlct.214",0.0778652020496219
"smldur.214",0.0332669816495903
"smldist.214",0.202913937320365
"larct.214",0
"lardur.214",0.0627415318641292
"lardist.214",0.0575508584908782
"inact.215",0.117698966035354
"inadur.215",0.0529653640482829
"inadist.215",0.0436107875578625
"smlct.215",0.0288788206990184
"smldur.215",0.0808810117437623
"smldist.215",0.180513876423284
"larct.215",0
"lardur.215",0.0136607902735562
"lardist.215",0
"inact.216",0.0402301904156443
"inadur.216",0.0549559590782853
"inadist.216",0.0181223838817824
"smlct.216",0.0957047589760452
"smldur.216",0.0585070672261462
"smldist.216",0.268136977788301
"larct.216",0.0188694990049321
"lardur.216",0.024262779609062
"lardist.216",0.0442181818181818
"inact.217",0.130359346214617
"inadur.217",0.0235238095238095
"inadist.217",0.05478365660224
"smlct.217",0.0264759405105916
"smldur.217",0.0465815026121183
"smldist.217",0.152101094767957
"larct.217",0.0188690476190476
"lardur.217",0.015701690821256
"lardist.217",0.0343427305667715
"inact.218",0.137092306448134
"inadur.218",0.0763426754430017
"inadist.218",0.0642330919685251
"smlct.218",0.0125714285714286
"smldur.218",0.0510913233108355
"smldist.218",0.16097411877792
"larct.218",0.0241041666666667
"lardur.218",0.0093030303030303
"lardist.218",0.0301201465201465
"inact.219",0.126552275951723
"inadur.219",0.126806351305857
"inadist.219",0.0355914896510689
"smlct.219",0.0825328512786018
"smldur.219",0.0288647734964222
"smldist.219",0.112550780030802
"larct.219",0.0166580086580087
"lardur.219",0.00428731492597039
"lardist.219",0.0737772902261137
"inact.220",0.0793134385421947
"inadur.220",0.0569596612369958
"inadist.220",0.0473223862828819
"smlct.220",0.156260673385112
"smldur.220",0.130047095314371
"smldist.220",0.0401481170632024
"larct.220",0.00622222222222222
"lardur.220",0.007
"lardist.220",0.0284184305093814
"inact.221",0.155279061863878
"inadur.221",0.0124010695187166
"inadist.221",0.0678565416217993
"smlct.221",0.044825477051684
"smldur.221",0.0772701527259219
"smldist.221",0.0261942305037957
"larct.221",0.022746652097438
"lardur.221",0.0247009532666822
"lardist.221",0.0547470162521551
"inact.222",0.0384107794774005
"inadur.222",0.0857539794103558
"inadist.222",0.0154778024758291
"smlct.222",0.0761510718414484
"smldur.222",0.10334800449039
"smldist.222",0.0566777322358093
"larct.222",0.0182059561933029
"lardur.222",0.00869431336963097
"lardist.222",0.0879750510774712
"inact.223",0.0818228387309376
"inadur.223",0.0622414985214186
"inadist.223",0.0218640392965078
"smlct.223",0.176689623770862
"smldur.223",0.189803110788006
"smldist.223",0.0369127270873508
"larct.223",0.0171488756476513
"lardur.223",0.0306245917080282
"lardist.223",0.00697012802275961
"inact.224",0.0419848604727823
"inadur.224",0.0135288978494624
"inadist.224",0.0266754580539323
"smlct.224",0.0756005720791353
"smldur.224",0.0422641672053437
"smldist.224",0.105065469516047
"larct.224",0.00669717772692601
"lardur.224",0.0278600900952272
"lardist.224",0.046723332316986
"inact.225",0.133035589780302
"inadur.225",0.127938614211295
"inadist.225",0.0749262661120305
"smlct.225",0.0669874001672977
"smldur.225",0.0525389295185917
"smldist.225",0.100995682501511
"larct.225",0.0254998075998076
"lardur.225",0.00883333333333334
"lardist.225",0.011815462184874
"inact.226",0.053662807377678
"inadur.226",0.0684097596165287
"inadist.226",0.0897117117020928
"smlct.226",0.0467425908319673
"smldur.226",0.0548057103573234
"smldist.226",0.174300887108578
"larct.226",0.0931215055215725
"lardur.226",0.0252202020684993
"lardist.226",0.0332875092387287
"inact.227",0.210954010581838
"inadur.227",0.0711009870049363
"inadist.227",0.041790953036035
"smlct.227",0.0318581342785226
"smldur.227",0.0904303002068999
"smldist.227",0.342179950774938
"larct.227",0.0160785880785881
"lardur.227",0.00562903225806452
"lardist.227",0.0309935196773745
"inact.228",0.116804874134726
"inadur.228",0.0884557686984759
"inadist.228",0.027561628959276
"smlct.228",0.0549823326773588
"smldur.228",0.0566171046016247
"smldist.228",0.173704438142959
"larct.228",0.0424107004107004
"lardur.228",0.0203541141785044
"lardist.228",0.0257506011340876
"inact.229",0.0914186664398756
"inadur.229",0.089839691828542
"inadist.229",0.172541468279073
"smlct.229",0.0973601204824306
"smldur.229",0.103195457641145
"smldist.229",0.111962313428983
"larct.229",0.0206890343698854
"lardur.229",0.0125555555555556
"lardist.229",0.0570379834774353
"inact.230",0.1326721606373
"inadur.230",0.0586067352997239
"inadist.230",0.0770234146576089
"smlct.230",0.0582093324549846
"smldur.230",0.057579357540192
"smldist.230",0.104453819539316
"larct.230",0.0382515223542728
"lardur.230",0.0211979140592407
"lardist.230",0.0217637857637858
"inact.231",0.039069271076192
"inadur.231",0.0611795448846629
"inadist.231",0.0504226826813034
"smlct.231",0.0444189599347157
"smldur.231",0.0447749036273279
"smldist.231",0.100788851845793
"larct.231",0
"lardur.231",0.00533333333333333
"lardist.231",0.0109090909090909
"inact.232",0.176979273986754
"inadur.232",0.0837253025190926
"inadist.232",0.0371015623056834
"smlct.232",0.0662395298671773
"smldur.232",0.0488793120742909
"smldist.232",0.101033001577025
"larct.232",0.00392
"lardur.232",0.00407665945165945
"lardist.232",0.0487422313309382
"inact.233",0.0576858419782343
"inadur.233",0.0681214979862354
"inadist.233",0.00985714285714286
"smlct.233",0.084183412296026
"smldur.233",0.0515464379084967
"smldist.233",0.0266788777686141
"larct.233",0.0402021505376344
"lardur.233",0.0205111111111111
"lardist.233",0.0222918660287081
"inact.234",0.126638406306802
"inadur.234",0.0479634038547619
"inadist.234",0.076471833510853
"smlct.234",0.0863639074868297
"smldur.234",0.0244333333333333
"smldist.234",0.0710054458285184
"larct.234",0.0225901394901395
"lardur.234",0.0393901634974814
"lardist.234",0.0459178816533655
"inact.235",0.0522725258704882
"inadur.235",0.0370271537848573
"inadist.235",0.0397488201297025
"smlct.235",0
"smldur.235",0.085877066035632
"smldist.235",0.0770972420974908
"larct.235",0.00671489361702128
"lardur.235",0.0410088001215644
"lardist.235",0.0873540469603937
"inact.236",0.0487579553842806
"inadur.236",0.0233728019389913
"inadist.236",0.0169592991913747
"smlct.236",0.0988903344958156
"smldur.236",0.0607163384968632
"smldist.236",0.00182608695652174
"larct.236",0.002
"lardur.236",0.00851076923076923
"lardist.236",0.0379304466025777
"inact.237",0.0248923949739182
"inadur.237",0.0188148963895825
"inadist.237",0.0331720023177232
"smlct.237",0.0934045299567329
"smldur.237",0.0398212480868636
"smldist.237",0.247231082877551
"larct.237",0.00676923076923077
"lardur.237",0.0175470707070707
"lardist.237",0.0090077922077922
"inact.238",0.113647973302526
"inadur.238",0.106662645436076
"inadist.238",0.0420236217635598
"smlct.238",0.0578121454836435
"smldur.238",0.172819310901823
"smldist.238",0.0712210972882274
"larct.238",0.0209764902518723
"lardur.238",0.0327427201292383
"lardist.238",0.134304029094816
"inact.239",0.086524990035194
"inadur.239",0.0428779069767442
"inadist.239",0.00386666666666667
"smlct.239",0.0466266654595795
"smldur.239",0.0619526540315955
"smldist.239",0.172622758889418
"larct.239",0.00741050420168068
"lardur.239",0.0186696796338673
"lardist.239",0.00961720430107527
"inact.240",0.100303880782959
"inadur.240",0.0789879744992091
"inadist.240",0.0322119029119029
"smlct.240",0.0179200469715594
"smldur.240",0.0108888888888889
"smldist.240",0.132112442474358
"larct.240",0.0267649096002037
"lardur.240",0.00319999999999999
"lardist.240",0.0440066587079928
"inact.241",0.159298603603089
"inadur.241",0.0399091436166337
"inadist.241",0.0619759367634564
"smlct.241",0.0972624391174785
"smldur.241",0.253273703800207
"smldist.241",0.0615809774264576
"larct.241",0.00741917269722147
"lardur.241",0.0266551222970578
"lardist.241",0.0266335069560876
"inact.242",0.0875135667728345
"inadur.242",0.100064745506755
"inadist.242",0.038101034797809
"smlct.242",0.0737613928400838
"smldur.242",0.0485833325986772
"smldist.242",0.0947339174065613
"larct.242",0.0132460203593633
"lardur.242",0.0137512866218748
"lardist.242",0.0215144429061752
"inact.243",0.200648229452228
"inadur.243",0.0881162752192735
"inadist.243",0.0860062537579242
"smlct.243",0.141143571561543
"smldur.243",0.0871813433954523
"smldist.243",0.0587976316356502
"larct.243",0.006
"lardur.243",0.0166331687919923
"lardist.243",0.0768441481700029
"inact.244",0.231098464905692
"inadur.244",0.0629020676632789
"inadist.244",0.0894307279639807
"smlct.244",0.0574661838594213
"smldur.244",0.00682608695652174
"smldist.244",0.188422444263058
"larct.244",0.0284161941767423
"lardur.244",0.0280995356291397
"lardist.244",0.0352980863021538
"inact.245",0.10868768898131
"inadur.245",0.11658704039775
"inadist.245",0.0289178384127343
"smlct.245",0.0530951778091573
"smldur.245",0.0313824997275798
"smldist.245",0.0393248635942956
"larct.245",0.0152009850206913
"lardur.245",0.0247313067629301
"lardist.245",0.0367525381635908
"inact.246",0.321031278318781
"inadur.246",0.180040647119061
"inadist.246",0.0821157808934591
"smlct.246",0.0337683405913102
"smldur.246",0.108459940771377
"smldist.246",0.0267396394455218
"larct.246",0.0325007326007326
"lardur.246",0.0100943762120233
"lardist.246",0.0722436753395349
"inact.247",0.148549111030298
"inadur.247",0.10468207500322
"inadist.247",0.0212892233282216
"smlct.247",0.253153351874274
"smldur.247",0.205625987286762
"smldist.247",0.0477173798904489
"larct.247",0.0113543323343323
"lardur.247",0.0428605889242224
"lardist.247",0.028503933747412
"inact.248",0.130418294701687
"inadur.248",0.0710712326231737
"inadist.248",0.0842292495330352
"smlct.248",0.0398144739356081
"smldur.248",0.0539140749089699
"smldist.248",0.0741817389749925
"larct.248",0.025704329004329
"lardur.248",0.0175196911196911
"lardist.248",0.003
"inact.249",0.0993434813137828
"inadur.249",0.0414667783841208
"inadist.249",0.0521565351856165
"smlct.249",0.0952983514483838
"smldur.249",0.0158230176428648
"smldist.249",0.0857341486799012
"larct.249",0.0137488006617039
"lardur.249",0.0153911624607277
"lardist.249",0.0453872421881916
"inact.250",0.0803416650014692
"inadur.250",0.0331514931658453
"inadist.250",0.0319111742005132
"smlct.250",0.093275130475941
"smldur.250",0.0565138243221801
"smldist.250",0.0859676099383394
"larct.250",0.00772727272727273
"lardur.250",0.00729985569985571
"lardist.250",0.0101267543859649
"inact.251",0.116639115270313
"inadur.251",0.0747855845941754
"inadist.251",0.0524226626615288
"smlct.251",0.0534945242728053
"smldur.251",0.0481491330676432
"smldist.251",0.0992905255526478
"larct.251",0.00390697674418605
"lardur.251",0.0157019607843137
"lardist.251",0.0328408754569268
"inact.252",0.0881868650111839
"inadur.252",0.0911474962884046
"inadist.252",0.0329057337161937
"smlct.252",0.0283163742690058
"smldur.252",0
"smldist.252",0.0736992972549355
"larct.252",0.0323965558690192
"lardur.252",0.0243445368738823
"lardist.252",0.0274125792529068
"inact.253",0.13233005518464
"inadur.253",0.0520294854342643
"inadist.253",0.0167791754018169
"smlct.253",0.100002374266125
"smldur.253",0.044442909094372
"smldist.253",0.210225671104825
"larct.253",0.0186416666666667
"lardur.253",0.0104782542405184
"lardist.253",0.0152160062160062
"inact.254",0.0957885059224032
"inadur.254",0.0170124952668968
"inadist.254",0.0249337133444284
"smlct.254",0.0970084698069965
"smldur.254",0.0260790032600559
"smldist.254",0.0528223962840302
"larct.254",0.0210524886877828
"lardur.254",0.0308895163062726
"lardist.254",0.0733749683499143
"inact.255",0.143925901786468
"inadur.255",0.0479854062952082
"inadist.255",0.0501876957171075
"smlct.255",0.0464432455223744
"smldur.255",0.0258346257758306
"smldist.255",0.433353688784749
"larct.255",0.00014936708860759
"lardur.255",0.00633333333333333
"lardist.255",0.0304115025900231
"inact.256",0.182937787959463
"inadur.256",0.0586664842126223
"inadist.256",0.0373548166705863
"smlct.256",0.075219959052021
"smldur.256",0.0677798469329622
"smldist.256",0.0593843127678349
"larct.256",0.0212666666666667
"lardur.256",0.0335618712534045
"lardist.256",0.0499150961952179
"inact.257",0.126568383618997
"inadur.257",0.0427997161146871
"inadist.257",0.040880303030303
"smlct.257",0.0303262830578596
"smldur.257",0.045775688121676
"smldist.257",0.169598000201543
"larct.257",0.0136323642602123
"lardur.257",0.0156
"lardist.257",0.0248374071542493
"inact.258",0.048936460596293
"inadur.258",0.0534263471077224
"inadist.258",0.0363733182511318
"smlct.258",0.0758289805912621
"smldur.258",0.0958234962222299
"smldist.258",0.112348041902939
"larct.258",0.02362419542285
"lardur.258",0.0247152891434806
"lardist.258",0.0349872196657198
"inact.259",0.237269932064702
"inadur.259",0.0528124876167144
"inadist.259",0.0104266666666667
"smlct.259",0.158059524638069
"smldur.259",0.0525812320567971
"smldist.259",0.0856187163818684
"larct.259",0.00355555555555556
"lardur.259",0.002
"lardist.259",0.0410780181330926
"inact.260",0.0752930171594768
"inadur.260",0.0834317965701634
"inadist.260",0.0704744360625691
"smlct.260",0.0767676272805514
"smldur.260",0.082670314328957
"smldist.260",0.0508178085732155
"larct.260",0.025757091160662
"lardur.260",0.00957631578947368
"lardist.260",0.0385478869710052
"inact.261",0.0420808417364482
"inadur.261",0.081270177125243
"inadist.261",0.0141723721979834
"smlct.261",0.102361394456972
"smldur.261",0.144802131845419
"smldist.261",0.0916391606867681
"larct.261",0.00801428717707788
"lardur.261",0.00663522012578616
"lardist.261",0.069084726965855
"inact.262",0.155595286935411
"inadur.262",0.0590878119627462
"inadist.262",0.0468218310762939
"smlct.262",0.0162750125691302
"smldur.262",0.148425719907899
"smldist.262",0.0733689249411558
"larct.262",0.01195
"lardur.262",0.013813906786043
"lardist.262",0.0788437262247964
"inact.263",0.0426593757120073
"inadur.263",0.0354053110280807
"inadist.263",0.0809350618525882
"smlct.263",0.137707841950508
"smldur.263",0.0861993697023596
"smldist.263",0.103370845300091
"larct.263",0.0233142282554047
"lardur.263",0
"lardist.263",0.0700502520777929
"inact.264",0.141396848837559
"inadur.264",0.0419483606759931
"inadist.264",0.0905110827292028
"smlct.264",0.0792885662906975
"smldur.264",0.0929116336952639
"smldist.264",0.035108839091192
"larct.264",0.0229850574712644
"lardur.264",0.0201636363636364
"lardist.264",0.0234698412698413
"inact.265",0.0501150081106051
"inadur.265",0.0726065570139164
"inadist.265",0.0911654825687069
"smlct.265",0.0587385709962529
"smldur.265",0.136364029146112
"smldist.265",0.0133028573453135
"larct.265",0.0401600273565876
"lardur.265",0.0188628705759436
"lardist.265",0.0097123745819398
"inact.266",0.0752233883077015
"inadur.266",0.0889298139855629
"inadist.266",0.0750285264005662
"smlct.266",0.127975071881518
"smldur.266",0.178559021382478
"smldist.266",0.0749953627583921
"larct.266",0.0319687898597226
"lardur.266",0.0257873187010653
"lardist.266",0.176215706882233
"inact.267",0.0769560818314949
"inadur.267",0.10179489854297
"inadist.267",0.0708050967188222
"smlct.267",0.0996676054983219
"smldur.267",0.325562141542436
"smldist.267",0.0686231210753813
"larct.267",0.0265849357444667
"lardur.267",0.0159074534161491
"lardist.267",0.0504520663982816
"inact.268",0.106147551225791
"inadur.268",0.0662415238019114
"inadist.268",0.022516625921504
"smlct.268",0.0789610343161953
"smldur.268",0.0632351338128833
"smldist.268",0.0376475361438127
"larct.268",0.00862084257206208
"lardur.268",0
"lardist.268",0.0459336793814477
"inact.269",0.116447690875268
"inadur.269",0.0511638281330393
"inadist.269",0.0389339950372209
"smlct.269",0.0958513312242864
"smldur.269",0.0701913797787951
"smldist.269",0.0776292363478754
"larct.269",0.00765490196078432
"lardur.269",0.00609523809523809
"lardist.269",0.0596823784045374
"inact.270",0.0408938790066007
"inadur.270",0.0207881792717087
"inadist.270",0.0383690062111801
"smlct.270",0.0419520444647697
"smldur.270",0.160105493045694
"smldist.270",0.0195285714285714
"larct.270",0.0462666129105369
"lardur.270",0.0197185185185185
"lardist.270",0.00861764705882353
"inact.271",0.0571988435513937
"inadur.271",0.13368181114729
"inadist.271",0.0462799691360374
"smlct.271",0.0700527564604686
"smldur.271",0.0247373859869615
"smldist.271",0.213112594587095
"larct.271",0.00809523809523809
"lardur.271",0.00266666666666667
"lardist.271",0.0241204633204633
"inact.272",0.0511856320292632
"inadur.272",0.0725452981654665
"inadist.272",0.0793345460820817
"smlct.272",0.0188324045407637
"smldur.272",0.121039005010573
"smldist.272",0.0902454355337922
"larct.272",0.0312611111111111
"lardur.272",0.00574193548387096
"lardist.272",0.0445484661605711
"inact.273",0.0331016383787283
"inadur.273",0.0221590041781522
"inadist.273",0.0325268667842206
"smlct.273",0.090883955134732
"smldur.273",0.0476593591754914
"smldist.273",0.0409495201262202
"larct.273",0.0699425470935755
"lardur.273",0.0284206389452333
"lardist.273",0.0620465817481959
"inact.274",0.160579650531034
"inadur.274",0.0385374685433894
"inadist.274",0.0228513397340618
"smlct.274",0.0346985507246377
"smldur.274",0.0774652592420035
"smldist.274",0.0577901451369988
"larct.274",0.0094279176201373
"lardur.274",0.0251897977676957
"lardist.274",0.00393442622950819
"inact.275",0.0882275875336382
"inadur.275",0.041264829658969
"inadist.275",0.0696587079904783
"smlct.275",0.296944802323581
"smldur.275",0.185078256128324
"smldist.275",0.188891486523778
"larct.275",0.0228195337995338
"lardur.275",0.0305958348556814
"lardist.275",0.0601238639009311
"inact.276",0.0255343597940688
"inadur.276",0.0368459932260851
"inadist.276",0.0476163557128512
"smlct.276",0.0139830036630037
"smldur.276",0.105872231314129
"smldist.276",0.0663276077526187
"larct.276",0.0439764328808446
"lardur.276",0.0107747126436782
"lardist.276",0.0666303326449813
"inact.277",0.0821705842253536
"inadur.277",0.0358570253805085
"inadist.277",0.0503387336752883
"smlct.277",0.0720424939024896
"smldur.277",0.0250118037829062
"smldist.277",0.130028273010003
"larct.277",0.0547974558546942
"lardur.277",0.0243335829543683
"lardist.277",0.0661501457423939
"inact.278",0.0750223939406421
"inadur.278",0.0316000907029479
"inadist.278",0.0224697715511801
"smlct.278",0.0313484825933043
"smldur.278",0.214431529156928
"smldist.278",0.205836211476284
"larct.278",0.0323382096830373
"lardur.278",0.0483501250189502
"lardist.278",0.0269484097203609
"inact.279",0.182441040205752
"inadur.279",0.0565873660842082
"inadist.279",0.0600366660068962
"smlct.279",0.0826757092192625
"smldur.279",0.0748150607818642
"smldist.279",0.0578775661523903
"larct.279",0.0154636925856438
"lardur.279",0.0299535329404895
"lardist.279",0.0188233181824618
"inact.280",0.111581226296514
"inadur.280",0.0242161004338578
"inadist.280",0.0393946990253642
"smlct.280",0.20257483827392
"smldur.280",0.183029057827875
"smldist.280",0.0627922671582932
"larct.280",0.0319220860032645
"lardur.280",0.0123728275490987
"lardist.280",0.039548476164498
"inact.281",0.091042529542961
"inadur.281",0.0644557270758415
"inadist.281",0.0514772209804504
"smlct.281",0.154599627470741
"smldur.281",0.248105965895917
"smldist.281",0.0833827201845355
"larct.281",0.107607505487561
"lardur.281",0.013273637374861
"lardist.281",0.0956984294303824
"inact.282",0.0832023367080239
"inadur.282",0.0254035294919025
"inadist.282",0.0946757802043947
"smlct.282",0.0969849361246534
"smldur.282",0.0182099684099684
"smldist.282",0.235221031862365
"larct.282",0.00333333333333333
"lardur.282",0.0349725157642966
"lardist.282",0.0381338003079401
"inact.283",0.0638303647087363
"inadur.283",0.0348790070144909
"inadist.283",0.0526664363414363
"smlct.283",0.0538690601381169
"smldur.283",0.0549189869277969
"smldist.283",0.242568247552611
"larct.283",0.0367301919571656
"lardur.283",0.00612280701754386
"lardist.283",0.0436156647642703
"inact.284",0.113038644215853
"inadur.284",0.0393288247640588
"inadist.284",0.0534796920778026
"smlct.284",0.0560334188254561
"smldur.284",0.0217099250374053
"smldist.284",0.157390948621031
"larct.284",0.00205042016806721
"lardur.284",0.0125703801594643
"lardist.284",0.0397235374279778
"inact.285",0.209872570204099
"inadur.285",0.0458804761904762
"inadist.285",0.0204538001981698
"smlct.285",0.0762519438452022
"smldur.285",0.0246127354175552
"smldist.285",0.138881258815461
"larct.285",0.00266666666666667
"lardur.285",0.0306112713185218
"lardist.285",0.0351225945225945
"inact.286",0.0735102816765797
"inadur.286",0.0452698825697567
"inadist.286",0.0393810486543589
"smlct.286",0.33079751150022
"smldur.286",0.286188378419192
"smldist.286",0.0381043633889634
"larct.286",0.0477555113474704
"lardur.286",0.0169275095668821
"lardist.286",0.146103922815032
"inact.287",0.0762774622141273
"inadur.287",0.0935999549211694
"inadist.287",0.0788496693710524
"smlct.287",0.0820286784675865
"smldur.287",0.0618370626957074
"smldist.287",0.0523249872927202
"larct.287",0.0558921294902719
"lardur.287",0.0123623880495266
"lardist.287",0.00571921182266009
"inact.288",0.016007204664414
"inadur.288",0.0832109485679454
"inadist.288",0.0390073375376687
"smlct.288",0.0536709291608715
"smldur.288",0.0594173802788236
"smldist.288",0.0849720243755155
"larct.288",0.00696470588235294
"lardur.288",0.0153290043290043
"lardist.288",0.00631313131313131
"inact.289",0.0559802764254792
"inadur.289",0.0432185328567425
"inadist.289",0.0279789031906068
"smlct.289",0.0819771662617623
"smldur.289",0.11018172848084
"smldist.289",0.0799958160382035
"larct.289",0.0141262745098039
"lardur.289",0.0581905262431245
"lardist.289",0.106207355862171
"inact.290",0.201378385908034
"inadur.290",0.0401532837541528
"inadist.290",0.0486143187569937
"smlct.290",0.0303355443425646
"smldur.290",0.0125770790077741
"smldist.290",0.118515687293406
"larct.290",0.0256117720987646
"lardur.290",0.0039047619047619
"lardist.290",0.0210974529346622
"inact.291",0.0855368474356465
"inadur.291",0.0463631044559478
"inadist.291",0.0683506594099907
"smlct.291",0.155248182189928
"smldur.291",0.27375994237986
"smldist.291",0.0419685232853102
"larct.291",0.0359961733251572
"lardur.291",0.0062962962962963
"lardist.291",0.0519001011396822
"inact.292",0.0429567544342699
"inadur.292",0.0474322469371232
"inadist.292",0.0393133114664195
"smlct.292",0.0558781704142877
"smldur.292",0.0517880214083416
"smldist.292",0.137815763278818
"larct.292",0.0064677966101695
"lardur.292",0.00376163265306123
"lardist.292",0.0272034771054363
"inact.293",0.077692427575777
"inadur.293",0.0622845722202128
"inadist.293",0.0416633490073145
"smlct.293",0.138517371252957
"smldur.293",0.0246737175206197
"smldist.293",0.0359661018755749
"larct.293",0.0139067852437418
"lardur.293",0.0169112999891032
"lardist.293",0.0150857142857143
"inact.294",0.0294029565672423
"inadur.294",0.0512597285822536
"inadist.294",0.020974675277131
"smlct.294",0.0178763798900598
"smldur.294",0.120708422018371
"smldist.294",0.158183610534941
"larct.294",0.040265003241695
"lardur.294",0.0201330145379361
"lardist.294",0.0833734740298548
"inact.295",0.0583696445757983
"inadur.295",0.0630498663426032
"inadist.295",0.0186090909090909
"smlct.295",0.0926393742538801
"smldur.295",0.144212312361404
"smldist.295",0.07014233231926
"larct.295",0
"lardur.295",0.0200559837728195
"lardist.295",0.0169169912983346
"inact.296",0.0108245614035088
"inadur.296",0.0247957219251337
"inadist.296",0.0352736433244127
"smlct.296",0.0621997075946366
"smldur.296",0.0553160638101395
"smldist.296",0.0743992758646056
"larct.296",0.025630543867851
"lardur.296",0.0197537339678955
"lardist.296",0.0741600220188567
"inact.297",0.0483285348095095
"inadur.297",0.062557423473389
"inadist.297",0.0133649459783913
"smlct.297",0.0851071554287897
"smldur.297",0.11185155879111
"smldist.297",0.183043438391116
"larct.297",0.0311665592552811
"lardur.297",0.0241531099580654
"lardist.297",0.0526453421214223
"inact.298",0.0984302785043554
"inadur.298",0.108438155872659
"inadist.298",0.0916511100187241
"smlct.298",0.10080295145753
"smldur.298",0.0851006924363173
"smldist.298",0.027274794325878
"larct.298",0.0175880764766966
"lardur.298",0.0215865407107512
"lardist.298",0.0332983435004711
"inact.299",0.0674224960826156
"inadur.299",0.0546589178172874
"inadist.299",0.0776924930275933
"smlct.299",0.0264445045851203
"smldur.299",0.0392117485902414
"smldist.299",0.23019932307211
"larct.299",0.0133333333333333
"lardur.299",0.0109333333333333
"lardist.299",0.0590239667073784
"inact.300",0.0836119739915839
"inadur.300",0.0148053742053742
"inadist.300",0.026467767615595
"smlct.300",0.0735311550254804
"smldur.300",0.10127779798447
"smldist.300",0.0873740600524601
"larct.300",0.0160092057690375
"lardur.300",0.0231327202255109
"lardist.300",0.053935987632709
